Series Name,Series Code,Country Name,Country Code,2000 [YR2000],2001 [YR2001],2002 [YR2002],2003 [YR2003],2004 [YR2004],2005 [YR2005],2006 [YR2006],2007 [YR2007],2008 [YR2008],2009 [YR2009],2010 [YR2010],2011 [YR2011],2012 [YR2012],2013 [YR2013],2014 [YR2014],2015 [YR2015],2016 [YR2016],2017 [YR2017],2018 [YR2018],2019 [YR2019],2020 [YR2020],2021 [YR2021],2022 [YR2022],2023 [YR2023],2024 [YR2024]
Gini index,SI.POV.GINI,Afghanistan,AFG,..,..,..,..,..,..,..,..,..,..,..,..,..,..,..,..,..,..,..,..,..,..,..,..,..
Gini index,SI.POV.GINI,Albania,ALB,..,..,31.7,..,..,30.6,..,..,30,..,..,..,29,..,34.6,32.8,33.7,33.1,30.1,30.1,29.4,..,..,..,..
Gini index,SI.POV.GINI,Algeria,DZA,..,..,..,..,..,..,..,..,..,..,..,27.6,..,..,..,..,..,..,..,..,..,..,..,..,..
Gini index,SI.POV.GINI,American Samoa,ASM,..,..,..,..,..,..,..,..,..,..,..,..,..,..,..,..,..,..,..,..,..,..,..,..,..
Gini index,SI.POV.GINI,Andorra,AND,..,..,..,..,..,..,..,..,..,..,..,..,..,..,..,..,..,..,..,..,..,..,..,..,..
Gini index,SI.POV.GINI,Angola,AGO,51.9,..,..,..,..,..,..,..,42.7,..,..,..,..,..,..,..,..,..,51.3,..,..,..,..,..,..
Gini index,SI.POV.GINI,Antigua and Barbuda,ATG,..,..,..,..,..,..,..,..,..,..,..,..,..,..,..,..,..,..,..,..,..,..,..,..,..
Gini index,SI.POV.GINI,Argentina,ARG,51,53.3,53.8,51,48.5,47.8,46.4,46.3,45,43.8,43.7,42.7,41.4,41.1,41.8,..,42.3,41.4,41.7,43.3,42.7,42.4,40.7,42.4,42.4
Gini index,SI.POV.GINI,Armenia,ARM,..,35.4,34.8,33,37.5,36,29.7,31.2,29.2,28,30,29.4,29.6,30.6,31.5,32.4,32.5,33.6,34.4,30,25.1,27.9,27.9,27.2,27.4
Gini index,SI.POV.GINI,Aruba,ABW,..,..,..,..,..,..,..,..,..,..,..,..,..,..,..,..,..,..,..,..,..,..,..,..,..
Gini index,SI.POV.GINI,Australia,AUS,..,33.5,..,33.5,33.1,..,..,..,35.4,..,34.7,..,..,..,34.4,..,33.7,..,34.3,..,33.8,..,..,..,..
Gini index,SI.POV.GINI,Austria,AUT,29,..,..,29.5,29.8,28.7,29.6,30.6,30.4,31.5,30.3,30.8,30.5,30.8,30.5,30.5,30.8,29.7,30.8,30.2,29.8,30.7,30.9,31.2,..
Gini index,SI.POV.GINI,Azerbaijan,AZE,..,36.5,25.3,26.8,26.6,26.6,..,..,..,..,..,..,..,..,..,..,..,..,..,..,..,..,..,..,..
Gini index,SI.POV.GINI,"Bahamas, The",BHS,..,..,..,..,..,..,..,..,..,..,..,..,..,..,..,..,..,..,..,..,..,..,..,..,..
Gini index,SI.POV.GINI,Bahrain,BHR,..,..,..,..,..,..,..,..,..,..,..,..,..,..,..,..,..,..,..,..,..,..,..,..,..
Gini index,SI.POV.GINI,Bangladesh,BGD,33.4,..,..,..,..,33.2,..,..,..,..,32.1,..,..,..,..,..,32.4,..,..,..,..,..,30.9,..,..
Gini index,SI.POV.GINI,Barbados,BRB,..,..,..,..,..,..,..,..,..,..,..,..,..,..,..,..,34.1,..,..,..,..,..,..,..,..
Gini index,SI.POV.GINI,Belarus,BLR,31.2,30.6,30.3,28.8,26.5,27.6,28.3,29.6,27.8,27.7,28.6,27.2,26.5,26.6,27.2,25.6,25.3,25.4,25.2,25.3,24.4,..,..,..,..
Gini index,SI.POV.GINI,Belgium,BEL,33.1,..,..,28.1,30.5,29.3,28.1,29.2,28.4,28.6,28.4,28.1,27.5,27.7,28.1,27.7,27.6,27.4,27.2,27.2,26,26.6,26.4,26.8,..
Gini index,SI.POV.GINI,Belize,BLZ,..,..,..,..,..,..,..,..,..,..,..,..,..,..,..,..,..,..,39.9,..,..,..,..,..,..
Gini index,SI.POV.GINI,Benin,BEN,..,..,..,38.6,..,..,..,..,..,..,..,43.4,..,..,..,47.6,..,..,37.9,..,..,34.4,..,..,..
Gini index,SI.POV.GINI,Bermuda,BMU,..,..,..,..,..,..,..,..,..,..,..,..,..,..,..,..,..,..,..,..,..,..,..,..,..
Gini index,SI.POV.GINI,Bhutan,BTN,..,..,..,40.9,..,..,..,38.1,..,..,..,..,38.8,..,..,..,..,37.4,..,..,..,..,28.5,..,..
Gini index,SI.POV.GINI,Bolivia,BOL,61.6,57.4,59.3,..,55,58.5,56.7,54.5,50.8,49.2,..,46.1,46.6,47.6,47.8,46.7,45.2,44.6,42.6,41.6,43.6,40.9,41.2,42.1,40.9
Gini index,SI.POV.GINI,Bosnia and Herzegovina,BIH,..,30,..,..,34,..,..,34.3,..,..,..,33.3,..,..,..,32.9,..,..,..,..,..,30.3,..,..,..
Gini index,SI.POV.GINI,Botswana,BWA,..,..,61.5,..,..,..,..,..,..,56.9,..,..,..,..,..,54.9,..,..,..,..,..,..,..,..,..
Gini index,SI.POV.GINI,Brazil,BRA,..,58.4,58.1,57.6,56.5,56.3,55.6,54.9,54,53.7,..,52.9,53.4,52.7,52.1,51.9,53.4,53.3,53.9,53.5,48.8,52.9,51.9,51.5,50.3
Gini index,SI.POV.GINI,British Virgin Islands,VGB,..,..,..,..,..,..,..,..,..,..,..,..,..,..,..,..,..,..,..,..,..,..,..,..,..
Gini index,SI.POV.GINI,Brunei Darussalam,BRN,..,..,..,..,..,..,..,..,..,..,..,..,..,..,..,..,..,..,..,..,..,..,..,..,..
Gini index,SI.POV.GINI,Bulgaria,BGR,..,32.7,..,28.9,..,..,35.7,36.1,33.6,33.8,35.7,34.3,36,36.6,37.4,38.6,40.6,40.4,41.3,40.3,40.5,39,38.2,39.5,..
Gini index,SI.POV.GINI,Burkina Faso,BFA,..,..,..,43.3,..,..,..,..,..,39.8,..,..,..,..,35.3,..,..,..,43,..,..,37.4,..,..,..
Gini index,SI.POV.GINI,Burundi,BDI,..,..,..,..,..,..,33.4,..,..,..,..,..,..,38.6,..,..,..,..,..,..,37.5,..,..,..,..
Gini index,SI.POV.GINI,Cabo Verde,CPV,..,52.5,..,..,..,..,..,47.2,..,..,..,..,..,..,..,42.4,..,..,..,..,..,..,..,..,..
Gini index,SI.POV.GINI,Cambodia,KHM,..,..,..,..,..,..,..,..,..,..,..,..,..,..,..,..,..,..,..,..,..,..,..,..,..
Gini index,SI.POV.GINI,Cameroon,CMR,..,42.1,..,..,..,..,..,42.8,..,..,..,..,..,..,46.6,..,..,..,..,..,..,42.2,..,..,..
Gini index,SI.POV.GINI,Canada,CAN,33.4,33.6,33.6,33.8,33.8,33.6,34.1,33.8,33.9,34,33.6,32.7,33.5,33.8,33.2,33.7,32.7,33.3,32.5,31.8,29.9,31.1,31.5,..,..
Gini index,SI.POV.GINI,Cayman Islands,CYM,..,..,..,..,..,..,..,..,..,..,..,..,..,..,..,..,..,..,..,..,..,..,..,..,..
Gini index,SI.POV.GINI,Central African Republic,CAF,..,..,..,..,..,..,..,..,56.2,..,..,..,..,..,..,..,..,..,..,..,..,43,..,..,..
Gini index,SI.POV.GINI,Chad,TCD,..,..,..,39.8,..,..,..,..,..,..,..,43.3,..,..,..,..,..,..,37.5,..,..,..,37.4,..,..
Gini index,SI.POV.GINI,Channel Islands,CHI,..,..,..,..,..,..,..,..,..,..,..,..,..,..,..,..,..,..,..,..,..,..,..,..,..
Gini index,SI.POV.GINI,Chile,CHL,52.8,..,..,51.5,..,..,47.7,..,..,47.4,..,46.9,..,46.8,..,45.3,..,45.3,..,..,47,..,43.2,..,43
Gini index,SI.POV.GINI,China,CHN,..,..,42,..,..,40.9,..,..,43,..,43.7,42.4,42.2,39.7,39.2,38.6,38.5,39.1,38.5,38.2,37.1,35.7,36,..,..
Gini index,SI.POV.GINI,Colombia,COL,58.4,57.3,56,53.6,55,53.9,..,..,55,54.1,54.4,53.3,53.6,53.5,53.6,52,51.7,50.9,51.6,52.5,54.4,55.1,54.8,54.6,54.4
Gini index,SI.POV.GINI,Comoros,COM,..,..,..,..,55.9,..,..,..,..,..,..,..,..,..,45.3,..,..,..,..,..,34.2,..,..,..,30.3
Gini index,SI.POV.GINI,"Congo, Dem. Rep.",COD,..,..,..,..,41.6,..,..,..,..,..,..,..,42.1,..,..,..,..,..,..,..,44.7,..,..,..,..
Gini index,SI.POV.GINI,"Congo, Rep.",COG,..,..,..,..,..,47.3,..,..,..,..,..,48.9,..,..,..,..,..,..,..,..,..,..,..,..,..
Gini index,SI.POV.GINI,Costa Rica,CRI,47.4,51.5,51.8,49.3,48.4,47.5,49.3,49.3,48.6,50.6,48,48.8,48.4,49.2,48.6,48.4,48.7,48.3,48,48.2,49.2,48.7,47.2,46.7,45.8
Gini index,SI.POV.GINI,Cote d'Ivoire,CIV,..,..,41.3,..,..,..,..,..,43.2,..,..,..,..,..,..,41.5,..,..,37.2,..,..,35.3,..,..,..
Gini index,SI.POV.GINI,Croatia,HRV,31.3,31.1,..,..,29.7,..,..,..,33.7,32.6,32.4,32.3,32.5,32,32.1,31.1,30.9,30.4,29.7,28.9,29.5,28.9,30,30.1,..
Gini index,SI.POV.GINI,Cuba,CUB,..,..,..,..,..,..,..,..,..,..,..,..,..,..,..,..,..,..,..,..,..,..,..,..,..
Gini index,SI.POV.GINI,Curacao,CUW,..,..,..,..,..,..,..,..,..,..,..,..,..,..,..,..,..,..,..,..,..,..,..,..,..
Gini index,SI.POV.GINI,Cyprus,CYP,..,..,..,..,30.1,30.3,31.1,31.1,31.7,32.1,31.5,32.6,34.3,37,35.6,34,32.9,31.4,32.7,31.2,31.7,31.3,31.5,31.8,..
Gini index,SI.POV.GINI,Czechia,CZE,..,..,26.6,..,27.5,26.9,26.7,26,26.3,26.2,26.6,26.4,26.1,26.5,25.9,25.9,25.4,24.9,25,25.3,26.2,26.2,25.9,25.7,..
Gini index,SI.POV.GINI,Denmark,DNK,23.8,..,..,25.6,24.9,25.2,25.9,26.2,25.2,26.7,27.2,27.3,27.8,28.5,28.4,28.2,28.2,28.7,28.2,27.7,27.5,28.3,29.3,29.9,..
Gini index,SI.POV.GINI,Djibouti,DJI,..,..,40,..,..,..,..,..,..,..,..,..,45.1,44.1,..,..,..,41.6,..,..,..,..,..,..,..
Gini index,SI.POV.GINI,Dominica,DMA,..,..,..,..,..,..,..,..,..,..,..,..,..,..,..,..,..,..,..,..,..,..,..,..,..
Gini index,SI.POV.GINI,Dominican Republic,DOM,51.5,50,49.7,52.1,52.1,50,52,48.9,48.1,48.9,47.3,47.7,46.1,47.7,44.3,45.2,45.7,42.2,43.7,41.9,39.6,38.5,37,38.4,39
Gini index,SI.POV.GINI,Ecuador,ECU,56.3,..,..,53.5,53.9,53.1,52.3,53.4,49.8,48.5,48.8,45.9,46.1,46.9,45,46,45,44.7,45.4,45.7,47.3,45.8,45.5,44.6,45.2
Gini index,SI.POV.GINI,"Egypt, Arab Rep.",EGY,..,..,..,..,31.8,..,..,..,31.1,..,30.2,..,28.3,..,..,31.8,..,31.5,..,31.9,..,28.5,..,..,..
Gini index,SI.POV.GINI,El Salvador,SLV,51.5,51.3,51.9,50.4,47.8,48.5,45.7,45.2,46.9,45.8,43.5,42.3,41.8,43.4,41.6,40.6,40,38,38.6,38.8,..,39,38.8,39.8,..
Gini index,SI.POV.GINI,Equatorial Guinea,GNQ,..,..,..,..,..,..,..,..,..,..,..,..,..,..,..,..,..,..,..,..,..,..,38.5,..,..
Gini index,SI.POV.GINI,Eritrea,ERI,..,..,..,..,..,..,..,..,..,..,..,..,..,..,..,..,..,..,..,..,..,..,..,..,..
Gini index,SI.POV.GINI,Estonia,EST,35.8,36,35.8,37.2,33.6,33.4,33.7,31.2,31.9,31.4,32,32.5,32.9,35.1,34.6,32.7,31.2,30.4,30.3,30.8,30.7,31.8,32.3,30.7,..
Gini index,SI.POV.GINI,Eswatini,SWZ,53.1,..,..,..,..,..,..,..,..,51.4,..,..,..,..,..,..,54.6,..,..,..,..,..,..,..,..
Gini index,SI.POV.GINI,Ethiopia,ETH,..,..,..,..,29.8,..,..,..,..,..,33.2,..,..,..,..,35,..,..,..,..,..,31.1,..,..,..
Gini index,SI.POV.GINI,Faroe Islands,FRO,..,..,..,..,..,..,..,..,..,..,..,..,..,..,..,..,..,..,..,..,..,..,..,..,..
Gini index,SI.POV.GINI,Fiji,FJI,..,..,38.1,..,..,..,..,..,40.4,..,..,..,..,36.7,..,..,..,..,..,30.7,..,..,..,..,..
Gini index,SI.POV.GINI,Finland,FIN,27.2,..,..,27.7,27.9,27.6,28,28.3,27.8,27.5,27.7,27.6,27.1,27.2,26.8,27.1,27.1,27.4,27.3,27.7,27.1,27.7,27.9,27.4,..
Gini index,SI.POV.GINI,France,FRA,32.6,32.5,31.8,31.4,30.6,29.8,29.7,32.4,33,32.7,33.7,33.3,33.1,32.5,32.3,32.7,31.9,31.6,32.4,31.2,30.7,31.5,31.2,31.8,..
Gini index,SI.POV.GINI,French Polynesia,PYF,..,..,..,..,..,..,..,..,..,..,..,..,..,..,..,..,..,..,..,..,..,..,..,..,..
Gini index,SI.POV.GINI,Gabon,GAB,..,..,..,..,..,42.2,..,..,..,..,..,..,..,..,..,..,..,38,..,..,..,..,..,..,..
Gini index,SI.POV.GINI,"Gambia, The",GMB,..,..,..,47.3,..,..,..,..,..,..,43.6,..,..,..,..,35.9,..,..,..,..,38.8,..,..,..,..
Gini index,SI.POV.GINI,Georgia,GEO,40.5,39.6,37.2,36.6,36.2,37.4,36.9,38.1,38.5,38.2,39.5,39.6,39,38.6,37.6,36.5,36.6,37.9,36.4,35.9,34.5,34.2,33.5,34.8,33.9
Gini index,SI.POV.GINI,Germany,DEU,28.7,29.9,29.9,29.9,30.1,31.6,31,31.2,30.6,30.4,30.2,30.4,30.9,31.4,30.8,31.4,31.3,31.3,31.9,32.2,32.5,33.6,33.7,..,..
Gini index,SI.POV.GINI,Ghana,GHA,..,..,..,..,..,42.8,..,..,..,..,..,..,42.4,..,..,..,43.5,..,..,..,..,..,..,..,..
Gini index,SI.POV.GINI,Gibraltar,GIB,..,..,..,..,..,..,..,..,..,..,..,..,..,..,..,..,..,..,..,..,..,..,..,..,..
Gini index,SI.POV.GINI,Greece,GRC,34.4,..,35.5,32.8,33.6,34.6,35.1,34,33.6,33.6,34.1,34.8,36.3,36.1,35.8,36,35,34.4,32.9,33.1,33.6,32.9,33.4,33.4,..
Gini index,SI.POV.GINI,Greenland,GRL,..,..,..,..,..,..,..,..,..,..,..,..,..,..,..,..,..,..,..,..,..,..,..,..,..
Gini index,SI.POV.GINI,Grenada,GRD,..,..,..,..,..,..,..,..,..,..,..,..,..,..,..,..,..,..,43.8,..,..,..,..,..,..
Gini index,SI.POV.GINI,Guam,GUM,..,..,..,..,..,..,..,..,..,..,..,..,..,..,..,..,..,..,..,..,..,..,..,..,..
Gini index,SI.POV.GINI,Guatemala,GTM,54.2,..,..,..,..,..,54.5,..,..,..,..,..,..,..,48.3,..,..,..,..,..,..,..,..,45.2,..
Gini index,SI.POV.GINI,Guinea,GIN,..,..,43,..,..,..,..,39.4,..,..,..,..,33.7,..,..,..,..,..,29.6,..,..,..,..,..,..
Gini index,SI.POV.GINI,Guinea-Bissau,GNB,..,..,35.6,..,..,..,..,..,..,..,50.6,..,..,..,..,..,..,..,34.8,..,..,33.4,..,..,..
Gini index,SI.POV.GINI,Guyana,GUY,..,..,..,..,..,..,..,..,..,..,..,..,..,..,..,..,..,..,..,..,..,..,..,..,..
Gini index,SI.POV.GINI,Haiti,HTI,..,59,..,..,..,..,..,..,..,..,..,..,41.1,..,..,..,..,..,..,..,..,..,..,..,..
Gini index,SI.POV.GINI,Honduras,HND,..,55.4,55.7,58.1,58.1,59.5,57.5,55.8,55.5,51.3,53.1,52.6,53.4,50,49.9,49.2,49.8,49.4,48.9,48.2,..,..,..,46.8,45.7
Gini index,SI.POV.GINI,"Hong Kong SAR, China",HKG,..,..,..,..,..,..,..,..,..,..,..,..,..,..,..,..,..,..,..,..,..,..,..,..,..
Gini index,SI.POV.GINI,Hungary,HUN,27.2,26.9,26.8,30.9,29.9,34.7,28.3,27.9,27.5,27,29.4,29.2,30.8,31.5,30.9,30.4,30.3,30.6,..,..,..,..,..,..,..
Gini index,SI.POV.GINI,Iceland,ISL,..,..,..,26.8,28,29,30.2,29.5,31.8,28.7,26.2,26.8,26.8,25.4,27.8,26.8,27.2,26.1,26.6,26.8,..,..,..,..,..
Gini index,SI.POV.GINI,India,IND,..,..,..,..,27.7,..,..,..,..,27.8,..,28.8,..,..,..,..,..,..,..,..,..,..,25.5,..,..
Gini index,SI.POV.GINI,Indonesia,IDN,30.3,31.2,30.2,29.3,30.4,29.9,31.5,33.2,32.6,33.4,34.6,37.9,37.1,38.9,38.8,38.2,36.9,36.4,36.3,35.4,35.3,35.5,35.5,36.1,34.9
Gini index,SI.POV.GINI,"Iran, Islamic Rep.",IRN,..,..,..,..,..,43.6,44.8,..,..,42.1,..,34.7,34.4,34,34.8,35.3,35.9,36.7,37.4,36.5,35.8,35.5,34.8,35.9,..
Gini index,SI.POV.GINI,Iraq,IRQ,..,..,..,..,..,..,28.6,..,..,..,..,..,29.5,..,..,..,..,..,..,..,..,..,..,29.8,..
Gini index,SI.POV.GINI,Ireland,IRL,33,..,32.3,32.9,33.6,33.8,32.7,31.9,30.9,32.7,32.3,32.9,33.2,33.5,31.9,31.8,32.8,31.4,30.6,30.3,29.2,29.4,29.9,29,..
Gini index,SI.POV.GINI,Isle of Man,IMN,..,..,..,..,..,..,..,..,..,..,..,..,..,..,..,..,..,..,..,..,..,..,..,..,..
Gini index,SI.POV.GINI,Israel,ISR,..,38.9,39.6,40.7,41.5,42.3,41.6,41.1,41.6,42.6,42.6,41.5,41.3,39.9,39.8,39.7,39,38.2,38.6,38.3,37.8,37.9,38.3,..,..
Gini index,SI.POV.GINI,Italy,ITA,35.2,..,34.7,34.9,34.3,33.8,33.7,32.9,33.8,33.8,34.7,35.1,35.2,34.9,34.7,35.4,35.2,35.9,35.2,34.6,35.2,34.8,33.7,34.3,..
Gini index,SI.POV.GINI,Jamaica,JAM,..,..,48.3,..,45.5,..,..,..,..,..,..,..,..,..,..,..,..,..,35.3,..,..,39.9,..,..,..
Gini index,SI.POV.GINI,Japan,JPN,..,..,..,..,..,..,..,..,34.6,33,31.5,33,32.5,31.5,31.3,30.7,31.8,31.8,32.9,33,32.3,..,..,..,..
Gini index,SI.POV.GINI,Jordan,JOR,..,..,37,..,..,..,33.9,..,32.6,..,33.7,..,..,..,..,..,..,..,..,..,..,..,..,..,..
Gini index,SI.POV.GINI,Kazakhstan,KAZ,..,36,34.8,33.7,31.8,39.8,30.2,30.1,28.5,28.2,28,28,28.2,27.1,27,26.8,27.2,27.5,27.8,28,28.7,29.2,..,..,..
Gini index,SI.POV.GINI,Kenya,KEN,..,..,..,..,..,46.4,..,..,..,..,..,..,..,..,..,40.8,..,..,..,..,36.2,38.7,38.5,..,..
Gini index,SI.POV.GINI,Kiribati,KIR,..,..,..,..,..,..,37,..,..,..,..,..,..,..,..,..,..,..,..,27.8,..,..,..,24.7,..
Gini index,SI.POV.GINI,"Korea, Dem. People's Rep.",PRK,..,..,..,..,..,..,..,..,..,..,..,..,..,..,..,..,..,..,..,..,..,..,..,..,..
Gini index,SI.POV.GINI,"Korea, Rep.",KOR,..,..,..,..,..,..,31.7,..,32.3,..,32,..,31.6,..,31.2,..,35.2,34.9,33.7,33.2,32.7,32.9,..,..,..
Gini index,SI.POV.GINI,Kosovo,XKX,..,..,..,29,..,31.2,30.3,..,..,31.8,33.3,27.8,29,26.3,27.3,26.5,26.7,44.2,44.6,40.2,57.4,49.4,38.3,..,..
Gini index,SI.POV.GINI,Kuwait,KWT,..,..,..,..,..,..,..,..,..,..,..,..,..,..,..,..,..,..,..,..,..,..,..,..,..
Gini index,SI.POV.GINI,Kyrgyz Republic,KGZ,31,30.2,30.3,28.7,34.8,32.6,37.4,33.9,31.5,29.9,30.1,27.8,27.4,28.8,26.8,29,26.8,27.3,27.7,29.7,29,28.8,26.4,27.2,27.5
Gini index,SI.POV.GINI,Lao PDR,LAO,..,..,32.6,..,..,..,..,35.4,..,..,..,..,36,..,..,..,..,..,38.8,..,..,..,..,..,34.7
Gini index,SI.POV.GINI,Latvia,LVA,..,..,35.1,36.5,36.4,39,35.6,37.5,37.2,35.9,35,35.8,35.2,35.5,35.1,34.2,34.3,35.6,35.1,34.5,35.7,34.3,33.7,34,..
Gini index,SI.POV.GINI,Lebanon,LBN,..,..,..,..,..,..,..,..,..,..,..,31.8,..,..,..,..,..,..,..,..,..,..,35.5,..,..
Gini index,SI.POV.GINI,Lesotho,LSO,..,..,51.2,..,..,..,..,..,..,..,..,..,..,..,..,..,..,44.9,..,..,..,..,..,..,..
Gini index,SI.POV.GINI,Liberia,LBR,..,..,..,..,..,..,..,36.4,..,..,..,..,..,..,33.2,..,35.3,..,..,..,..,..,..,..,..
Gini index,SI.POV.GINI,Libya,LBY,..,..,..,..,..,..,..,..,..,..,..,..,..,..,..,..,..,..,..,..,..,..,..,..,..
Gini index,SI.POV.GINI,Liechtenstein,LIE,..,..,..,..,..,..,..,..,..,..,..,..,..,..,..,..,..,..,..,..,..,..,..,..,..
Gini index,SI.POV.GINI,Lithuania,LTU,31.7,32,31.9,35.5,37,35.3,34.4,34.8,35.7,37.2,33.6,32.5,35.1,35.3,37.7,37.4,38.4,37.3,35.7,35.3,36,36.7,36.6,36,..
Gini index,SI.POV.GINI,Luxembourg,LUX,30.1,30.9,31.1,30.2,30.2,30.8,30.9,31.1,32.6,31.2,30.5,32.1,34.3,32,31.2,32.9,31.7,34.5,35.4,34.2,33.4,32.7,34.1,33.6,..
Gini index,SI.POV.GINI,"Macao SAR, China",MAC,..,..,..,..,..,..,..,..,..,..,..,..,..,..,..,..,..,..,..,..,..,..,..,..,..
Gini index,SI.POV.GINI,Madagascar,MDG,..,47.4,..,..,..,39.9,..,..,..,..,42.4,..,42.6,..,..,..,..,..,..,..,..,36.8,..,..,..
Gini index,SI.POV.GINI,Malawi,MWI,..,..,..,..,39.9,..,..,..,..,..,45.5,..,..,..,..,..,44.7,..,..,38.5,..,..,..,..,..
Gini index,SI.POV.GINI,Malaysia,MYS,..,..,..,46.4,..,..,44.8,..,45.5,..,..,43.6,..,41.3,..,41.1,..,..,41.2,..,..,40.7,..,..,..
Gini index,SI.POV.GINI,Maldives,MDV,..,..,41.3,..,..,..,..,..,..,38.4,..,..,..,..,..,..,31.3,..,..,29.3,..,..,..,..,..
Gini index,SI.POV.GINI,Mali,MLI,..,39.9,..,..,..,..,38.9,..,..,33,..,..,..,..,..,..,..,..,36,..,..,35.7,..,..,..
Gini index,SI.POV.GINI,Malta,MLT,..,..,..,..,..,..,28,29.2,29,30.2,29,29.1,29.4,28.8,29,29.4,29.1,29.2,28.7,31,31.4,31.6,34.6,31.8,..
Gini index,SI.POV.GINI,Marshall Islands,MHL,..,..,..,..,..,..,..,..,..,..,..,..,..,..,..,..,..,..,..,35.5,..,..,..,..,..
Gini index,SI.POV.GINI,Mauritania,MRT,39,..,..,..,40.2,..,..,..,35.7,..,..,..,..,..,32.6,..,..,..,..,32,..,..,..,..,..
Gini index,SI.POV.GINI,Mauritius,MUS,..,..,..,..,..,..,35.7,..,..,..,..,..,38.5,..,..,..,..,36.8,..,..,..,..,..,..,..
Gini index,SI.POV.GINI,Mexico,MEX,53.4,..,50.6,..,50.3,50.9,49.7,..,50.8,..,47.7,..,49.6,..,48.9,..,46.9,..,46,..,44.6,..,43.5,..,42.6
Gini index,SI.POV.GINI,"Micronesia, Fed. Sts.",FSM,..,..,..,..,..,42.4,..,..,..,..,..,..,..,40.1,..,..,..,..,..,..,..,..,..,..,..
Gini index,SI.POV.GINI,Moldova,MDA,36.4,38,35.8,34.9,35,36.3,35.4,34.4,34.7,32.9,32.1,30.6,29.2,28.5,26.8,27,26.3,25.9,25.7,26,25,25.7,25.9,26.8,..
Gini index,SI.POV.GINI,Monaco,MCO,..,..,..,..,..,..,..,..,..,..,..,..,..,..,..,..,..,..,..,..,..,..,..,..,..
Gini index,SI.POV.GINI,Mongolia,MNG,..,..,32.9,..,..,..,..,35.8,..,..,33.1,33.9,33.8,..,32,..,32.3,..,32.7,..,..,..,31.4,..,..
Gini index,SI.POV.GINI,Montenegro,MNE,..,..,..,..,..,30.2,30,31.4,30.5,31,28.9,30.8,41.2,39,38.8,39,38.5,36.9,36.8,35.7,35.4,34.3,..,..,..
Gini index,SI.POV.GINI,Morocco,MAR,40.6,..,..,..,..,..,40.7,..,..,..,..,..,..,39.5,..,..,..,..,..,..,..,..,..,..,..
Gini index,SI.POV.GINI,Mozambique,MOZ,..,..,46.9,..,..,..,..,..,45.5,..,..,..,..,..,54,..,..,..,..,50.7,..,..,49.6,..,..
Gini index,SI.POV.GINI,Myanmar,MMR,..,..,..,..,..,..,..,..,..,..,..,..,..,..,..,38.1,..,30.7,..,..,..,..,..,..,..
Gini index,SI.POV.GINI,Namibia,NAM,..,..,..,63.3,..,..,..,..,..,61,..,..,..,..,..,59.1,..,..,..,..,..,..,..,..,..
Gini index,SI.POV.GINI,Nauru,NRU,..,..,..,..,..,..,..,..,..,..,..,..,32.4,..,..,..,..,..,..,..,..,..,..,..,..
Gini index,SI.POV.GINI,Nepal,NPL,..,..,..,43.8,..,..,..,..,..,..,32.8,..,..,..,..,..,..,..,..,..,..,..,30,..,..
Gini index,SI.POV.GINI,Netherlands,NLD,..,..,..,..,29.8,29,30,29.6,29.3,27.9,27.8,27.8,27.6,28.1,28.6,28.2,28.2,28.5,28.1,29.2,26,25.7,..,..,..
Gini index,SI.POV.GINI,New Caledonia,NCL,..,..,..,..,..,..,..,..,..,..,..,..,..,..,..,..,..,..,..,..,..,..,..,..,..
Gini index,SI.POV.GINI,New Zealand,NZL,..,..,..,..,..,..,..,..,..,..,..,..,..,..,..,..,..,..,..,..,..,..,..,..,..
Gini index,SI.POV.GINI,Nicaragua,NIC,..,52.9,..,..,..,48.8,..,..,..,43.9,..,..,..,..,46.2,..,..,..,..,..,..,..,..,..,..
Gini index,SI.POV.GINI,Niger,NER,..,..,..,..,..,44.4,..,37.3,..,..,..,31.5,..,..,34.3,..,..,..,37.3,..,..,32.9,..,..,..
Gini index,SI.POV.GINI,Nigeria,NGA,..,..,..,40.1,..,..,..,..,..,..,35.7,..,35.5,..,..,35.9,..,..,35.1,..,..,..,33.9,..,..
Gini index,SI.POV.GINI,North Macedonia,MKD,34.3,..,38.5,38.7,38.4,39.3,42.6,..,46.1,42.8,40.1,39.4,38.1,36.2,35.2,35.6,34.5,34.2,33,33.5,..,..,..,..,..
Gini index,SI.POV.GINI,Northern Mariana Islands,MNP,..,..,..,..,..,..,..,..,..,..,..,..,..,..,..,..,..,..,..,..,..,..,..,..,..
Gini index,SI.POV.GINI,Norway,NOR,27.4,..,..,27.6,31.6,30.6,26.4,27.1,27,26.2,25.7,25.3,25.7,26.4,26.8,27.5,28.5,27,27.6,27.7,28.4,29.1,26.9,26.5,..
Gini index,SI.POV.GINI,Oman,OMN,..,..,..,..,..,..,..,..,..,..,..,..,..,..,..,..,..,..,..,..,..,..,..,..,..
Gini index,SI.POV.GINI,Pakistan,PAK,..,28.7,..,..,30.9,31.3,..,29.7,..,..,28.8,29.7,..,29.5,..,31.3,..,..,29.6,..,..,..,..,..,33.5
Gini index,SI.POV.GINI,Palau,PLW,..,..,..,..,..,..,..,..,..,..,..,..,..,..,..,..,..,..,..,..,..,..,..,..,..
Gini index,SI.POV.GINI,Panama,PAN,56.6,56.7,56.1,55.6,54.8,53.8,54.6,52.7,52.7,51.8,51.6,51.3,51.7,51.5,50.5,50.8,50.4,49.9,49.2,49.8,..,50.9,..,48.9,49.7
Gini index,SI.POV.GINI,Papua New Guinea,PNG,..,..,..,..,..,..,..,..,..,41.9,..,..,..,..,..,..,..,..,..,..,..,..,..,..,..
Gini index,SI.POV.GINI,Paraguay,PRY,..,54.6,57.3,54.9,52.3,51.4,53,53,50.7,49.1,51,52.3,47.6,47.9,50.7,47.6,47.9,48.5,46,45.7,43.5,42.9,44.6,44.2,44.2
Gini index,SI.POV.GINI,Peru,PER,49.1,51.3,53.6,53.1,49.9,50.4,50.3,50,47.5,47,45.5,44.7,44.4,43.9,43.1,43.4,43.6,43.3,42.4,41.5,43.7,40.1,40.3,40.7,40.1
Gini index,SI.POV.GINI,Philippines,PHL,47.7,..,..,46.6,..,..,47.2,..,..,46.3,..,..,46.5,..,..,44.6,..,..,42.3,..,..,40.7,..,39.3,..
Gini index,SI.POV.GINI,Poland,POL,33,32.8,34.1,34.9,38,35.8,34.7,34,33.5,33.4,33.2,33.2,33,33.1,32.8,31.8,31.2,29.7,30.2,28.8,28.5,28.5,28.9,28.5,..
Gini index,SI.POV.GINI,Portugal,PRT,..,..,..,38.8,38.9,38.5,38.1,36.8,36.6,34.9,35.8,36.3,36,36.2,35.6,35.5,35.2,33.8,33.5,32.8,34.7,34.6,36.3,33.9,..
Gini index,SI.POV.GINI,Puerto Rico (US),PRI,..,..,..,..,..,..,..,..,..,..,..,..,..,..,..,..,..,..,..,..,..,..,..,..,..
Gini index,SI.POV.GINI,Qatar,QAT,..,..,..,..,..,..,..,..,..,..,..,..,..,..,..,..,..,35.1,..,..,..,..,..,..,..
Gini index,SI.POV.GINI,Romania,ROU,29.3,29.4,30.2,29.9,30,29.8,39.6,37.5,36.4,35.6,35.5,35.9,36.5,36.9,36,35.9,34.4,36,35.8,34.8,34.6,33.9,32.3,29.8,..
Gini index,SI.POV.GINI,Russian Federation,RUS,37.1,36.9,37.3,40,40.3,41.3,41,42.3,41.6,39.8,39.5,39.7,40.7,40.9,36.9,36.5,36.7,35.5,35.3,35.7,33.7,35.1,33.9,33,..
Gini index,SI.POV.GINI,Rwanda,RWA,48.5,..,..,..,..,52,..,..,..,..,47.2,..,..,45.1,..,..,43.7,..,..,..,..,..,..,39.4,..
Gini index,SI.POV.GINI,Samoa,WSM,..,..,40.7,..,..,..,..,..,42,..,..,..,..,38.7,..,..,..,..,..,..,..,..,..,..,..
Gini index,SI.POV.GINI,San Marino,SMR,..,..,..,..,..,..,..,..,..,..,..,..,..,..,..,..,..,..,..,..,..,..,..,..,..
Gini index,SI.POV.GINI,Sao Tome and Principe,STP,32.1,..,..,..,..,..,..,..,..,..,30.8,..,..,..,..,..,..,40.7,..,..,..,..,..,..,..
Gini index,SI.POV.GINI,Saudi Arabia,SAU,..,..,..,..,..,..,..,..,..,..,..,..,..,..,..,..,..,..,..,..,..,..,..,..,..
Gini index,SI.POV.GINI,Senegal,SEN,..,41.2,..,..,..,39.2,..,..,..,..,..,40.3,..,..,..,..,..,..,38.3,..,..,36.2,..,..,..
Gini index,SI.POV.GINI,Serbia,SRB,..,..,32.7,32.8,35.5,36.5,29.7,28.7,27.6,28,29,..,39.9,39.4,40.4,40.5,38.8,36.1,35,34.5,35,33.1,32.8,32.8,..
Gini index,SI.POV.GINI,Seychelles,SYC,..,..,..,..,..,..,42.8,..,..,..,..,..,..,46.8,..,..,..,..,32.1,..,..,..,..,..,..
Gini index,SI.POV.GINI,Sierra Leone,SLE,..,..,..,40.2,..,..,..,..,..,..,..,34,..,..,..,..,..,..,35.7,..,..,..,..,..,..
Gini index,SI.POV.GINI,Singapore,SGP,..,..,..,..,..,..,..,..,..,..,..,..,..,..,..,..,..,..,..,..,..,..,..,..,..
Gini index,SI.POV.GINI,Sint Maarten (Dutch part),SXM,..,..,..,..,..,..,..,..,..,..,..,..,..,..,..,..,..,..,..,..,..,..,..,..,..
Gini index,SI.POV.GINI,Slovak Republic,SVK,..,..,..,..,27.1,29.3,25.8,24.7,26,27.2,27.3,26.5,26.1,28.1,26.1,26.5,25.2,23.2,25,23.2,24.2,24.1,24.1,23.8,..
Gini index,SI.POV.GINI,Slovenia,SVN,..,..,29.1,30.9,24.8,24.6,24.4,24.4,23.7,24.8,24.9,24.9,25.6,26.2,25.7,25.4,24.8,24.2,24.6,24.4,24,24.3,24.3,24.7,..
Gini index,SI.POV.GINI,Solomon Islands,SLB,..,..,..,..,..,46.1,..,..,..,..,..,..,37.1,..,..,..,..,..,..,..,..,..,..,..,..
Gini index,SI.POV.GINI,"Somalia, Fed. Rep.",SOM,..,..,..,..,..,..,..,..,..,..,..,..,..,..,..,..,..,..,..,..,..,..,..,..,..
Gini index,SI.POV.GINI,South Africa,ZAF,57.8,..,..,..,..,65,..,..,62.5,..,60.9,..,..,..,59.6,..,..,..,..,..,..,..,54.1,..,..
Gini index,SI.POV.GINI,South Sudan,SSD,..,..,..,..,..,..,..,..,..,46.3,..,..,..,..,..,..,44,..,..,..,..,..,..,..,..
Gini index,SI.POV.GINI,Spain,ESP,34.1,..,..,31.8,33.3,32.4,33.5,34.1,34.2,34.9,35.2,35.7,35.4,36.2,36.1,36.2,35.8,34.7,34.7,34.3,34.9,33.9,33.6,33.4,..
Gini index,SI.POV.GINI,Sri Lanka,LKA,..,..,40.2,..,..,..,39.7,..,..,36.1,..,..,38.7,..,..,..,39.3,..,..,37.7,..,..,..,..,..
Gini index,SI.POV.GINI,St. Kitts and Nevis,KNA,..,..,..,..,..,..,..,..,..,..,..,..,..,..,..,..,..,..,..,..,..,..,..,..,..
Gini index,SI.POV.GINI,St. Lucia,LCA,..,..,..,..,..,..,..,..,..,..,..,..,..,..,..,43.7,..,..,..,..,..,..,..,..,..
Gini index,SI.POV.GINI,St. Martin (French part),MAF,..,..,..,..,..,..,..,..,..,..,..,..,..,..,..,..,..,..,..,..,..,..,..,..,..
Gini index,SI.POV.GINI,St. Vincent and the Grenadines,VCT,..,..,..,..,..,..,..,..,..,..,..,..,..,..,..,..,..,..,..,..,..,..,..,..,..
Gini index,SI.POV.GINI,Sudan,SDN,..,..,..,..,..,..,..,..,..,35.4,..,..,..,..,34.2,..,..,..,..,..,..,..,..,..,..
Gini index,SI.POV.GINI,Suriname,SUR,..,..,..,..,..,..,..,..,..,..,..,..,..,..,..,..,..,..,..,..,..,..,39.2,..,..
Gini index,SI.POV.GINI,Sweden,SWE,27,26.5,26.2,25.3,26.1,26.8,26.4,27.1,28.1,27.3,27.7,27.6,27.6,28.8,28.4,29.2,29.6,28.8,30,29.3,28.9,29.8,31.6,29.3,..
Gini index,SI.POV.GINI,Switzerland,CHE,33.4,..,31.7,..,31.6,..,33.9,34.3,33.8,32.9,32.6,31.7,31.6,32.5,32.5,32.3,33,32.7,33.1,34,33.7,33.8,33.8,..,..
Gini index,SI.POV.GINI,Syrian Arab Republic,SYR,..,..,..,37.5,..,..,40.1,..,..,40.4,..,..,..,..,..,..,..,..,..,..,..,..,26.4,..,..
Gini index,SI.POV.GINI,Tajikistan,TJK,..,..,..,32.7,33.6,..,..,32.2,..,30.8,..,..,..,..,..,34,..,..,..,..,..,32.4,39.5,38,36.1
Gini index,SI.POV.GINI,Tanzania,TZA,37.3,..,..,..,..,..,..,40.3,..,..,..,37.8,..,..,..,..,..,..,40.5,..,..,..,..,..,..
Gini index,SI.POV.GINI,Thailand,THA,42.8,..,41.9,..,42.5,..,41.8,39.8,40.3,39.6,39.4,37.5,39.3,37.8,37,36,36.7,36.4,36.4,34.9,35,34.9,34.3,33.5,33.3
Gini index,SI.POV.GINI,Timor-Leste,TLS,..,35.9,..,..,..,..,..,27.8,..,..,..,..,..,..,28.7,..,..,..,..,..,..,..,..,..,..
Gini index,SI.POV.GINI,Togo,TGO,..,..,..,..,..,..,42.2,..,..,..,..,46,..,..,..,43,..,..,42.5,..,..,37.9,..,..,..
Gini index,SI.POV.GINI,Tonga,TON,37.7,..,..,..,..,..,..,..,..,37.5,..,..,..,..,..,33.5,..,..,..,..,..,27.1,..,..,..
Gini index,SI.POV.GINI,Trinidad and Tobago,TTO,..,..,..,..,..,..,..,..,..,..,..,..,..,..,..,..,..,..,..,..,..,..,..,..,..
Gini index,SI.POV.GINI,Tunisia,TUN,40.8,..,..,..,..,37.7,..,..,..,..,38.5,..,..,..,..,32.8,..,..,..,..,..,33.7,..,..,..
Gini index,SI.POV.GINI,Turkiye,TUR,..,..,41.4,42.2,41.3,42.6,39.6,38.4,39,39,38.8,40,40.2,40.2,41.2,42.9,41.9,43.5,42.4,43.8,43,44.4,44.5,43.7,..
Gini index,SI.POV.GINI,Turkmenistan,TKM,..,..,..,..,..,..,..,..,..,..,..,..,..,..,..,..,..,..,..,..,..,..,..,..,..
Gini index,SI.POV.GINI,Turks and Caicos Islands,TCA,..,..,..,..,..,..,..,..,..,..,..,..,..,..,..,..,..,..,..,..,..,..,..,..,..
Gini index,SI.POV.GINI,Tuvalu,TUV,..,..,..,..,..,..,..,..,..,..,39.1,..,..,..,..,..,..,..,..,..,..,..,..,..,..
Gini index,SI.POV.GINI,Uganda,UGA,..,..,45.2,..,..,42.9,..,..,..,44.2,..,..,41,..,..,..,42.8,..,..,42.7,..,..,..,..,..
Gini index,SI.POV.GINI,Ukraine,UKR,..,..,29,28.7,28.9,29,29.8,27,26.6,25.3,24.8,24.6,24.7,24.6,24,25.5,25,26,26.1,26.6,25.6,..,..,..,..
Gini index,SI.POV.GINI,United Arab Emirates,ARE,..,..,..,..,..,..,..,..,..,..,..,..,..,32.5,..,..,..,..,26.4,..,..,..,..,..,..
Gini index,SI.POV.GINI,United Kingdom,GBR,38.9,37.1,35.1,34.9,34.8,35.5,35.9,34.4,35.4,35.1,33.7,33.2,33.1,32.7,33.1,33.3,33.1,32.6,33.7,32.8,32.7,32.4,..,..,..
Gini index,SI.POV.GINI,United States,USA,40.1,40.6,40.4,40.8,40.5,41.3,41.7,41.1,41.1,40.9,40.2,41.2,41.2,40.9,41.7,41.5,41.3,41.4,41.8,41.9,40,39.7,41.7,41.8,41.8
Gini index,SI.POV.GINI,Uruguay,URY,43.4,45,45.5,45,45.9,44.7,45.9,46.4,45.1,45.5,44.5,42.2,39.9,40.5,40.1,40.1,39.7,39.5,39.7,39.7,40.2,40.8,40.6,40.9,40
Gini index,SI.POV.GINI,Uzbekistan,UZB,35.9,..,33,35.2,..,..,..,..,..,..,..,..,..,..,..,..,..,..,..,..,..,32.9,31.2,34.5,34.6
Gini index,SI.POV.GINI,Vanuatu,VUT,..,..,..,..,..,..,..,..,..,..,37.4,..,..,..,..,..,..,..,..,32.3,..,..,..,..,..
Gini index,SI.POV.GINI,"Venezuela, RB",VEN,..,47.2,48.9,47.9,47.3,49.3,44.7,..,..,..,..,..,..,..,..,..,..,..,..,..,..,..,..,..,..
Gini index,SI.POV.GINI,Viet Nam,VNM,..,..,37,..,36.8,..,35.8,..,35.6,..,39.3,..,35.6,..,34.8,..,35.3,..,35.7,..,36.8,..,36.1,..,..
Gini index,SI.POV.GINI,Virgin Islands (U.S.),VIR,..,..,..,..,..,..,..,..,..,..,..,..,..,..,..,..,..,..,..,..,..,..,..,..,..
Gini index,SI.POV.GINI,West Bank and Gaza,PSE,..,..,..,..,34,34.7,34,35.6,..,34.5,35.3,34.4,..,..,..,..,33.7,..,..,..,..,..,..,36.4,..
Gini index,SI.POV.GINI,"Yemen, Rep.",YEM,..,..,..,..,..,34.7,..,..,..,..,..,..,..,..,36.7,..,..,..,..,..,..,..,..,..,..
Gini index,SI.POV.GINI,Zambia,ZMB,..,..,42.1,..,54.3,..,54.6,..,..,..,52,..,..,..,..,55.8,..,..,..,..,..,..,51.5,..,..
Gini index,SI.POV.GINI,Zimbabwe,ZWE,..,..,..,..,..,..,..,..,..,..,..,43.2,..,..,..,..,..,44.3,..,50.3,..,..,..,..,..
Gini index,SI.POV.GINI,Africa Eastern and Southern,AFE,..,..,..,..,..,..,..,..,..,..,..,..,..,..,..,..,..,..,..,..,..,..,..,..,..
Gini index,SI.POV.GINI,Africa Western and Central,AFW,..,..,..,..,..,..,..,..,..,..,..,..,..,..,..,..,..,..,..,..,..,..,..,..,..
Gini index,SI.POV.GINI,Arab World,ARB,..,..,..,..,..,..,..,..,..,..,..,..,..,..,..,..,..,..,..,..,..,..,..,..,..
Gini index,SI.POV.GINI,Caribbean small states,CSS,..,..,..,..,..,..,..,..,..,..,..,..,..,..,..,..,..,..,..,..,..,..,..,..,..
Gini index,SI.POV.GINI,Central Europe and the Baltics,CEB,..,..,..,..,..,..,..,..,..,..,..,..,..,..,..,..,..,..,..,..,..,..,..,..,..
Gini index,SI.POV.GINI,Early-demographic dividend,EAR,..,..,..,..,..,..,..,..,..,..,..,..,..,..,..,..,..,..,..,..,..,..,..,..,..
Gini index,SI.POV.GINI,East Asia & Pacific,EAS,..,..,..,..,..,..,..,..,..,..,..,..,..,..,..,..,..,..,..,..,..,..,..,..,..
Gini index,SI.POV.GINI,East Asia & Pacific (excluding high income),EAP,..,..,..,..,..,..,..,..,..,..,..,..,..,..,..,..,..,..,..,..,..,..,..,..,..
Gini index,SI.POV.GINI,East Asia & Pacific (IDA & IBRD countries),TEA,..,..,..,..,..,..,..,..,..,..,..,..,..,..,..,..,..,..,..,..,..,..,..,..,..
Gini index,SI.POV.GINI,Euro area,EMU,..,..,..,..,..,..,..,..,..,..,..,..,..,..,..,..,..,..,..,..,..,..,..,..,..
Gini index,SI.POV.GINI,Europe & Central Asia,ECS,..,..,..,..,..,..,..,..,..,..,..,..,..,..,..,..,..,..,..,..,..,..,..,..,..
Gini index,SI.POV.GINI,Europe & Central Asia (excluding high income),ECA,..,..,..,..,..,..,..,..,..,..,..,..,..,..,..,..,..,..,..,..,..,..,..,..,..
Gini index,SI.POV.GINI,Europe & Central Asia (IDA & IBRD countries),TEC,..,..,..,..,..,..,..,..,..,..,..,..,..,..,..,..,..,..,..,..,..,..,..,..,..
Gini index,SI.POV.GINI,European Union,EUU,..,..,..,..,..,..,..,..,..,..,..,..,..,..,..,..,..,..,..,..,..,..,..,..,..
Gini index,SI.POV.GINI,Fragile and conflict affected situations,FCS,..,..,..,..,..,..,..,..,..,..,..,..,..,..,..,..,..,..,..,..,..,..,..,..,..
Gini index,SI.POV.GINI,Heavily indebted poor countries (HIPC),HPC,..,..,..,..,..,..,..,..,..,..,..,..,..,..,..,..,..,..,..,..,..,..,..,..,..
Gini index,SI.POV.GINI,High income,HIC,..,..,..,..,..,..,..,..,..,..,..,..,..,..,..,..,..,..,..,..,..,..,..,..,..
Gini index,SI.POV.GINI,IBRD only,IBD,..,..,..,..,..,..,..,..,..,..,..,..,..,..,..,..,..,..,..,..,..,..,..,..,..
Gini index,SI.POV.GINI,IDA & IBRD total,IBT,..,..,..,..,..,..,..,..,..,..,..,..,..,..,..,..,..,..,..,..,..,..,..,..,..
Gini index,SI.POV.GINI,IDA blend,IDB,..,..,..,..,..,..,..,..,..,..,..,..,..,..,..,..,..,..,..,..,..,..,..,..,..
Gini index,SI.POV.GINI,IDA only,IDX,..,..,..,..,..,..,..,..,..,..,..,..,..,..,..,..,..,..,..,..,..,..,..,..,..
Gini index,SI.POV.GINI,IDA total,IDA,..,..,..,..,..,..,..,..,..,..,..,..,..,..,..,..,..,..,..,..,..,..,..,..,..
Gini index,SI.POV.GINI,Late-demographic dividend,LTE,..,..,..,..,..,..,..,..,..,..,..,..,..,..,..,..,..,..,..,..,..,..,..,..,..
Gini index,SI.POV.GINI,Latin America & Caribbean,LCN,..,..,..,..,..,..,..,..,..,..,..,..,..,..,..,..,..,..,..,..,..,..,..,..,..
Gini index,SI.POV.GINI,Latin America & Caribbean (excluding high income),LAC,..,..,..,..,..,..,..,..,..,..,..,..,..,..,..,..,..,..,..,..,..,..,..,..,..
Gini index,SI.POV.GINI,Latin America & the Caribbean (IDA & IBRD countries),TLA,..,..,..,..,..,..,..,..,..,..,..,..,..,..,..,..,..,..,..,..,..,..,..,..,..
Gini index,SI.POV.GINI,Least developed countries: UN classification,LDC,..,..,..,..,..,..,..,..,..,..,..,..,..,..,..,..,..,..,..,..,..,..,..,..,..
Gini index,SI.POV.GINI,Low & middle income,LMY,..,..,..,..,..,..,..,..,..,..,..,..,..,..,..,..,..,..,..,..,..,..,..,..,..
Gini index,SI.POV.GINI,Low income,LIC,..,..,..,..,..,..,..,..,..,..,..,..,..,..,..,..,..,..,..,..,..,..,..,..,..
Gini index,SI.POV.GINI,Lower middle income,LMC,..,..,..,..,..,..,..,..,..,..,..,..,..,..,..,..,..,..,..,..,..,..,..,..,..
Gini index,SI.POV.GINI,"Middle East, North Africa, Afghanistan & Pakistan",MEA,..,..,..,..,..,..,..,..,..,..,..,..,..,..,..,..,..,..,..,..,..,..,..,..,..
Gini index,SI.POV.GINI,"Middle East, North Africa, Afghanistan & Pakistan (excluding high income)",MNA,..,..,..,..,..,..,..,..,..,..,..,..,..,..,..,..,..,..,..,..,..,..,..,..,..
Gini index,SI.POV.GINI,"Middle East, North Africa, Afghanistan & Pakistan (IDA & IBRD)",TMN,..,..,..,..,..,..,..,..,..,..,..,..,..,..,..,..,..,..,..,..,..,..,..,..,..
Gini index,SI.POV.GINI,Middle income,MIC,..,..,..,..,..,..,..,..,..,..,..,..,..,..,..,..,..,..,..,..,..,..,..,..,..
Gini index,SI.POV.GINI,North America,NAC,..,..,..,..,..,..,..,..,..,..,..,..,..,..,..,..,..,..,..,..,..,..,..,..,..
Gini index,SI.POV.GINI,Not classified,INX,..,..,..,..,..,..,..,..,..,..,..,..,..,..,..,..,..,..,..,..,..,..,..,..,..
Gini index,SI.POV.GINI,OECD members,OED,..,..,..,..,..,..,..,..,..,..,..,..,..,..,..,..,..,..,..,..,..,..,..,..,..
Gini index,SI.POV.GINI,Other small states,OSS,..,..,..,..,..,..,..,..,..,..,..,..,..,..,..,..,..,..,..,..,..,..,..,..,..
Gini index,SI.POV.GINI,Pacific island small states,PSS,..,..,..,..,..,..,..,..,..,..,..,..,..,..,..,..,..,..,..,..,..,..,..,..,..
Gini index,SI.POV.GINI,Post-demographic dividend,PST,..,..,..,..,..,..,..,..,..,..,..,..,..,..,..,..,..,..,..,..,..,..,..,..,..
Gini index,SI.POV.GINI,Pre-demographic dividend,PRE,..,..,..,..,..,..,..,..,..,..,..,..,..,..,..,..,..,..,..,..,..,..,..,..,..
Gini index,SI.POV.GINI,Small states,SST,..,..,..,..,..,..,..,..,..,..,..,..,..,..,..,..,..,..,..,..,..,..,..,..,..
Gini index,SI.POV.GINI,South Asia,SAS,..,..,..,..,..,..,..,..,..,..,..,..,..,..,..,..,..,..,..,..,..,..,..,..,..
Gini index,SI.POV.GINI,South Asia (IDA & IBRD),TSA,..,..,..,..,..,..,..,..,..,..,..,..,..,..,..,..,..,..,..,..,..,..,..,..,..
Gini index,SI.POV.GINI,Sub-Saharan Africa,SSF,..,..,..,..,..,..,..,..,..,..,..,..,..,..,..,..,..,..,..,..,..,..,..,..,..
Gini index,SI.POV.GINI,Sub-Saharan Africa (excluding high income),SSA,..,..,..,..,..,..,..,..,..,..,..,..,..,..,..,..,..,..,..,..,..,..,..,..,..
Gini index,SI.POV.GINI,Sub-Saharan Africa (IDA & IBRD countries),TSS,..,..,..,..,..,..,..,..,..,..,..,..,..,..,..,..,..,..,..,..,..,..,..,..,..
Gini index,SI.POV.GINI,Upper middle income,UMC,..,..,..,..,..,..,..,..,..,..,..,..,..,..,..,..,..,..,..,..,..,..,..,..,..
Gini index,SI.POV.GINI,World,WLD,..,..,..,..,..,..,..,..,..,..,..,..,..,..,..,..,..,..,..,..,..,..,..,..,..
,,,,,,,,,,,,,,,,,,,,,,,,,,,,
,,,,,,,,,,,,,,,,,,,,,,,,,,,,
,,,,,,,,,,,,,,,,,,,,,,,,,,,,
Data from database: World Development Indicators,,,,,,,,,,,,,,,,,,,,,,,,,,,,
Last Updated: 04/08/2026,,,,,,,,,,,,,,,,,,,,,,,,,,,,
